url,role,origine,bundle,shaders,besoin_fix,rebuild_dispo,note
http://cloud-3.steamusercontent.com/ugc/1009315641457799750/AE83DC038BA8AAF48678D07E1F9734D4A9944C1D/,principal,telecharge,arc_1,,non,oui,
http://cloud-3.steamusercontent.com/ugc/1009315641457800134/88E2FEC812AD5E7B7570836120992252AC758BF8/,principal,telecharge,arc_2,Particles/Standard Unlit,oui,oui,
http://cloud-3.steamusercontent.com/ugc/1009315641457800538/06BBAAAAC7FB68DAA9351F12008475068A96BFFB/,principal,telecharge,arc_3,Particles/Standard Unlit,oui,oui,
http://cloud-3.steamusercontent.com/ugc/1009315641457800878/34EC84D7ECD99E073417866A9BEC4288E00F5359/,principal,telecharge,arc_dc15x,Particles/Standard Unlit,oui,oui,
http://cloud-3.steamusercontent.com/ugc/1009315641457801321/CED1CD80F307683E79B9A4ED87CECAED7C070EBF/,principal,telecharge,arc_echo,,non,oui,
http://cloud-3.steamusercontent.com/ugc/1009315641457802221/506D704E232C1BFD85F063A24EBF24C5914C2C40/,principal,telecharge,arc_fives,,non,oui,
http://cloud-3.steamusercontent.com/ugc/1009315641457802621/01F605D855048F823A0ECA6C46D2A62B56C04124/,principal,telecharge,arc_leader,,non,oui,
http://cloud-3.steamusercontent.com/ugc/1009315641457845802/AE70766EAA85C875B023FB980A5A5CEEFB98B1D9/,principal,cache,bx_droid_1,,non,oui,
http://cloud-3.steamusercontent.com/ugc/1009315641457846188/D7F348E890430AA319DDDFA513D99DC2783ECF91/,principal,cache,bx_droid_2,,non,oui,
http://cloud-3.steamusercontent.com/ugc/1009315641457846574/F169D9E2E45B73D1E21B17E32D3B4B4D9AACB196/,principal,cache,bx_droid_3,,non,oui,
http://cloud-3.steamusercontent.com/ugc/1009315641457847081/F7D4E8D3EC85BAEEB5C1B5B913B7F484CC28FC10/,principal,cache,bx_droid_leader,,non,oui,
http://cloud-3.steamusercontent.com/ugc/1009315641457847567/079157D001A1520085C6A30620750817C6C01BFF/,principal,telecharge,bx_droid_saboteur,,non,oui,
http://cloud-3.steamusercontent.com/ugc/1009315641457847963/0EA6BE014DA494689FF32F9570C6A73CD88F1894/,principal,telecharge,bx_droid_sniper,,non,oui,
http://cloud-3.steamusercontent.com/ugc/1617345381346377755/75D0ACFDFFCA5A08D7CAB59DA941B226D1563D46/,principal,telecharge,yoda,BucketheadBits/Units/Glow Geometry,oui,non,
http://cloud-3.steamusercontent.com/ugc/1618437692581074585/1C74BEB92DC42D3585BFC1185A77DE14EC3249CA/,principal,telecharge,isf_delmeeko,,non,oui,
http://cloud-3.steamusercontent.com/ugc/1618437692581075349/6265F81E1BAA090FFA813270A8E3126CF8AD6CC5/,principal,telecharge,isf_gideon_hask,,non,oui,
http://cloud-3.steamusercontent.com/ugc/1618438238122996093/C79160007FD884C2B8737DCA888D61C955073141/,principal,telecharge,isf_1,,non,oui,
http://cloud-3.steamusercontent.com/ugc/1618438238122996656/AAD706C50446522C98259A20C03E757C4F7B98B1/,principal,telecharge,isf_2,,non,oui,
http://cloud-3.steamusercontent.com/ugc/1618438238122997115/F100B28E5DBF4A56FB22D3410270BEE4EF344FEF/,principal,telecharge,isf_3,,non,oui,
http://cloud-3.steamusercontent.com/ugc/1618438238122999341/C1AEEE50112F060BA8E5CAFBC16F417A0EF7C3C0/,principal,telecharge,isf_inferno,,non,oui,
http://cloud-3.steamusercontent.com/ugc/1618438238122999812/779C9D69CA440F970DD0B7C6394A812732F9C588/,principal,telecharge,isf_leader,,non,oui,
http://cloud-3.steamusercontent.com/ugc/1618438238123000906/C64EAD02CA22F8BFB59320925DAD7D89BA1E7AD6/,principal,telecharge,isf_t21,,non,oui,
http://cloud-3.steamusercontent.com/ugc/1618438238123043414/B7E9660E470DC070545782406C29F1E1356A5685/,secondaire,telecharge,isf_materials,,non,oui,
http://cloud-3.steamusercontent.com/ugc/1619598366706113202/449F19DA94D42DAD0F0B4D0B77A8E9AD45C320E5/,principal,telecharge,std_kraken,,non,non,
http://cloud-3.steamusercontent.com/ugc/1619598366706441824/97EB6FA096B824294EE48FE762380CCBE866F3E2/,principal,telecharge,std_kalani,,non,non,
http://cloud-3.steamusercontent.com/ugc/1619598366706441991/04B29BB48A98AF8D79FC1414548496BAD49CCB28/,secondaire,telecharge,std_materials,BucketheadBits/Units/Color Replacer,oui,non,
http://cloud-3.steamusercontent.com/ugc/1619598366708042667/2DABB5788E51006EDB3FCB03400ACD4CE07755F3/,principal,telecharge,wookiee_warriors_long_gun_wookiee_model,BucketheadBits/Units/Color Replacer,oui,non,
http://cloud-3.steamusercontent.com/ugc/1619598366708043779/0D96CE1619F4B27F583257A366431E3BAD428F19/,principal,telecharge,kashyyyk_defenders_leader_model,BucketheadBits/Units/Color Replacer,oui,non,
http://cloud-3.steamusercontent.com/ugc/1619598366708043883/1EA1B3C21A50C20D4D168AB91ECFE1C01A4F7DF5/,principal,telecharge,kashyyyk_defenders_model,BucketheadBits/Units/Color Replacer,oui,non,
http://cloud-3.steamusercontent.com/ugc/1619598523372467360/2810096383D51B0939DC3FFCBC83155C6D08CB53/,principal,telecharge,wookiee_chieftain_model,BucketheadBits/Units/Color Replacer,oui,non,
http://cloud-3.steamusercontent.com/ugc/1619598523372505515/1191E8089B37C0CC4BBE8283EF6B7F9C5A74A13C/,principal,telecharge,fluttercraft,BucketheadBits/Units/Color Replacer,oui,non,
http://cloud-3.steamusercontent.com/ugc/1619598523372574861/CCF68AF1C35F52A714AB0344FCB170F5BAA1672A/,principal,telecharge,infantry_support_platform_model,BucketheadBits/Units/Color Replacer,oui,non,
http://cloud-3.steamusercontent.com/ugc/1621849308236386470/4D5227051DEEED77303985CE6D34CDBFB27FD472/,principal,telecharge,ig-100_magnagaurd_1_model,,non,oui,
http://cloud-3.steamusercontent.com/ugc/1621849308236386513/AC53B9F503C0B353AE7AA797072F7EBA15A1214C/,principal,telecharge,ig-100_magnagaurd_2_model,,non,oui,
http://cloud-3.steamusercontent.com/ugc/1621849308236386555/F47418A458CF12C80756A80B842817EA1CCC62CF/,principal,telecharge,ig-100_magnagaurd_3_model,,non,oui,
http://cloud-3.steamusercontent.com/ugc/1621849308236386662/7ABB72B5A8A301611033E4A424FD61271024FB4C/,principal,telecharge,ig-100_magnaguard_electrowhip_model,,non,oui,
http://cloud-3.steamusercontent.com/ugc/1621849308236386731/FA50237A0BF717ED06EA3020D5F4089D452ADCD6/,principal,telecharge,ig-100_magnaguard_leader_model,,non,oui,
http://cloud-3.steamusercontent.com/ugc/1621849308236386787/E93D6E65A61C9262B5934C5A419736B45B50D75B/,principal,telecharge,ig-100_magnaguard_rps-6_model,,non,oui,
http://cloud-3.steamusercontent.com/ugc/1621849308236386933/DCD62751F06157E85CE575C8BB1CCF86379BB7DE/,principal,telecharge,wookiee_warriors_battle_shield_model,BucketheadBits/Units/Color Replacer,oui,oui,
http://cloud-3.steamusercontent.com/ugc/1621849538641208262/A0E48F7D9C94617C81BAD4D649717BAC7A8B9B64/,secondaire,telecharge,ig-100_magnagaurd_mat,BucketheadBits/Units/Color Replacer,oui,oui,
http://cloud-3.steamusercontent.com/ugc/1621849538645161033/A69093521055BB5CA008D3DDE5F6EBEB990D0AF2/,principal,cache,dsd-1_dwarf_spider_droid_model,BucketheadBits/Units/Color Replacer,oui,oui,
http://cloud-3.steamusercontent.com/ugc/1686023073179090715/187094FD9EBAFB6FF44A65F2D411D68154C0FAC7/,principal,telecharge,t47_airspeeder_model,BucketheadBits/Units/Color Replacer,oui,oui,
http://cloud-3.steamusercontent.com/ugc/1686023445067146269/A9189AC12193D3BD24624F7A5137C4E69FADDBBF/,principal,cache,droideka,BucketheadBits/Units/Color Replacer,oui,oui,
http://cloud-3.steamusercontent.com/ugc/1686023445067146631/305531F34B6598A008F5925D828457DF1A8195F6/,secondaire,telecharge,droideka_fx,BucketheadBits/Units/Glow Geometry | BucketheadBits/Units/Rim Glow Geometry Shield,oui,oui,
http://cloud-3.steamusercontent.com/ugc/1686023445067168845/FBADA8EDE2ED248CA7F50C1DB3BFF46215E0360B/,principal,cache,droideka_leader,BucketheadBits/Units/Color Replacer,oui,oui,
http://cloud-3.steamusercontent.com/ugc/1745728387706845389/0D7DFE0C5BF5CDD527A619B75A25A2177D417BD0/,principal,telecharge,pyke_syndicate_foot_soldiers_trooper_3_model,,non,oui,
http://cloud-3.steamusercontent.com/ugc/1745728387706845475/01738B0D52E2D9C2870D6E33A2D05ECD12201C85/,principal,telecharge,black_sun_enforcers_leader_model,BucketheadBits/Units/Color Replacer,oui,oui,
http://cloud-3.steamusercontent.com/ugc/1745728387706845513/BB3CD9624D6F43250D0406D099819E497A1A70BE/,principal,telecharge,pyke_syndicate_foot_soldiers_electrowhip_model,,non,oui,
http://cloud-3.steamusercontent.com/ugc/1745728387706845548/FD104F41509A53EA1C888862A3C5F0B98F609F1F/,principal,telecharge,pyke_syndicate_foot_soldiers_leader_model,,non,oui,
http://cloud-3.steamusercontent.com/ugc/1745728387706845607/4B1530CF96F9DB8F172B02676F1D8B347CFD862A/,principal,telecharge,pyke_syndicate_foot_soldiers_p13-m_disruptor_model,,non,oui,
http://cloud-3.steamusercontent.com/ugc/1745728387706845646/BE0DEED782F96BD44C389DEDEA41EBEA0C7A6D04/,principal,telecharge,pyke_syndicate_foot_soldiers_trooper_1_model,,non,oui,
http://cloud-3.steamusercontent.com/ugc/1745728387706845697/15B6DCCA8D8D76E1CB78219C58790E40DDD7CE8A/,principal,telecharge,pyke_syndicate_foot_soldiers_trooper_2_model,,non,oui,
http://cloud-3.steamusercontent.com/ugc/1745728519554838398/33764317D1BE774E1F978082C1A97681C1183C01/,principal,telecharge,boba_fett_the_old_and_wise_model_1,BucketheadBits/Units/Color Replacer,oui,oui,
http://cloud-3.steamusercontent.com/ugc/1747939379132611640/1EEBEB993635A56525283FAFA0D62D347FB3121C/,principal,telecharge,laat_le,,non,oui,
http://cloud-3.steamusercontent.com/ugc/1785135125810942830/666860D7C34C83C500C62BDDE115F30C59A42C74/,principal,telecharge,darktrooper_leader,BucketheadBits/Units/Glow Geometry | BucketheadBits/Units/Rim Glow Geometry Shield,oui,oui,
http://cloud-3.steamusercontent.com/ugc/1785135125810942938/E77EC5970DA310A2E1D96F796E98D82813AE0891/,principal,cache,darktrooper_trooper1,,non,oui,
http://cloud-3.steamusercontent.com/ugc/1785135125810943021/4B5888D461F54C2C281B108233D1F1D8D8C2A679/,principal,telecharge,darktrooper_trooper2,,non,oui,
http://cloud-3.steamusercontent.com/ugc/1785135165610974498/47B1C8B92A0E945388F7773EAB2F73B0A81E761E/,principal,telecharge,grogu_model,BucketheadBits/Units/Color Replacer,oui,oui,
http://cloud-3.steamusercontent.com/ugc/1789640371717200769/60353F40BAE6D92D6F6ED24E2883EB9CC2EA74C4/,secondaire,telecharge,mauldelorian_cpt_mat,BucketheadBits/Units/Color Replacer,oui,oui,
http://cloud-3.steamusercontent.com/ugc/1789640371717200823/B886D3157AA2F2528F4E5F76F26DF44A41496615/,secondaire,telecharge,mauldelorian_trooper_mat,BucketheadBits/Units/Color Replacer,oui,oui,
http://cloud-3.steamusercontent.com/ugc/1789640371719006177/3A456EB29012BFBE4322E020CBC08CF6F915BBF3/,principal,telecharge,mauldelorian_rook_kast_model,BucketheadBits/Units/Color Replacer | BucketheadBits/Units/Glow Geometry | BucketheadBits/Units/Rim Glow Geometry Shield,oui,oui,
http://cloud-3.steamusercontent.com/ugc/1789640371719014130/7A59CCE5B8A8C87DD3952C15819FAA8921708A75/,principal,telecharge,maul_a_rival_model,BucketheadBits/Units/Color Replacer | BucketheadBits/Units/Glow Geometry | BucketheadBits/Units/Rim Glow Geometry Shield,oui,oui,
http://cloud-3.steamusercontent.com/ugc/1789640371719058670/9E6B82A0BF8367F2C6D369BD3464DA5E9D0C7917/,principal,telecharge,ig-88_model,BucketheadBits/Units/Color Replacer | BucketheadBits/Units/Glow Geometry,oui,oui,
http://cloud-3.steamusercontent.com/ugc/1802024425338475441/730DE7AD6E1A55EA9F9264DADC1DDC0AC2CCA565/,principal,telecharge,aa5_scan,BucketheadBits/Units/Color Replacer | BucketheadBits/Units/Glow Geometry,oui,oui,
http://cloud-3.steamusercontent.com/ugc/1802024425338475527/29D3660FA84E5B9F804B840C18E68F5631EE6462/,principal,telecharge,aa5_scan_shadow,BucketheadBits/Units/Color Replacer | BucketheadBits/Units/Glow Geometry,oui,oui,
http://cloud-3.steamusercontent.com/ugc/1856061112420143285/F206D67AFF9379B68AD0795767DA378CE80D44AE/,principal,telecharge,mauldelorian_trooper_2_model,,non,oui,
http://cloud-3.steamusercontent.com/ugc/1856061112420143328/3D6F3C2E8DFB78B9B748FFC8F339B9C568D7408E/,secondaire,telecharge,black_sun_enforcers_mat,BucketheadBits/Units/Color Replacer,oui,oui,
http://cloud-3.steamusercontent.com/ugc/1856061112420143366/41AB7DFFD2FCF20E2BCC3F899F728863C30F6343/,principal,telecharge,mauldelorian_gunsligner_model,,non,oui,
http://cloud-3.steamusercontent.com/ugc/1856061112420143408/F4A88228E11334545EACA86B36E6B2008E76B0D3/,principal,telecharge,mauldelorian_leader_model,,non,oui,
http://cloud-3.steamusercontent.com/ugc/1856061112420143451/3DFD9C8BD5D504D3A2F7934678D1A0A7C2285863/,principal,telecharge,mauldelorian_marksman_model,,non,oui,
http://cloud-3.steamusercontent.com/ugc/1856061112420143500/4BDEA7F5B523FC06641B3D71D1E112DC14BD7F81/,principal,telecharge,mauldelorian_trooper_1_model,,non,oui,
http://cloud-3.steamusercontent.com/ugc/1856061112420143543/CBAC94E0D1731CB8D1034D24F58987E854A8596A/,secondaire,telecharge,pyke_syndicate_mat,BucketheadBits/Units/Color Replacer,oui,oui,
http://cloud-3.steamusercontent.com/ugc/1856061112420143649/BBBA0D26FB46EAD96421C4B77FE779B5F0F848AA/,principal,telecharge,black_sun_enforcers_mag_det_model,,non,oui,
http://cloud-3.steamusercontent.com/ugc/1856061112420143685/C75388115AFCF42ACC79E2C16FEF36755C975AA0/,principal,telecharge,black_sun_enforcers_scattergun_model,,non,oui,
http://cloud-3.steamusercontent.com/ugc/1856061112420143724/48B5A35E10B4977E255D889A8FCAEA8C980A11A9/,principal,telecharge,black_sun_enforcers_trooper_model,,non,oui,
http://cloud-3.steamusercontent.com/ugc/1856061112420143763/E93BA6716A05CA95AE2EA3B7C0DFD8AF145D5C22/,principal,telecharge,black_sun_vigo_model,BucketheadBits/Units/Color Replacer,oui,oui,
http://cloud-3.steamusercontent.com/ugc/1856061112420143862/CF491C11176E40BD786A89E1D0C20D3316448188/,principal,telecharge,gar_saxon_model,BucketheadBits/Units/Color Replacer | BucketheadBits/Units/Glow Geometry,oui,oui,
http://cloud-3.steamusercontent.com/ugc/1856061112420351237/706DEA645FEE2EC9787F05F4FF2926632E2C4894/,principal,telecharge,pyke_capo_model,BucketheadBits/Units/Color Replacer,oui,oui,
http://cloud-3.steamusercontent.com/ugc/1924743543116067434/0A068914BDD35AE6F63D7E29EBC7E0B5F712DA1F/,principal,telecharge,swoop _bikes_leader_model,BucketheadBits/Units/Color Replacer,oui,oui,
http://cloud-3.steamusercontent.com/ugc/1924743543116067490/87719312BE33C493B97B0915DB8C89FDC57D3F38/,principal,telecharge,swoop_bikes_rider_model,BucketheadBits/Units/Color Replacer,oui,oui,
http://cloud-3.steamusercontent.com/ugc/1924743543116068132/37BCE99DCF06BEFA1119FEA911188695F9C48079/,principal,telecharge,nr-n99_persuader-class_tank_droid_model,BucketheadBits/Units/Color Replacer,oui,oui,
http://cloud-3.steamusercontent.com/ugc/2004698291313160948/23CA698C8F2AF1C08D2DED3564B138E72E2ABCBF/,principal,telecharge,darktrooper_hvyminigun,,non,oui,
http://cloud-3.steamusercontent.com/ugc/2004698291313161010/1873BCD554A553BC2FF25A2BE16116EDEBFDCEF4/,principal,telecharge,darktrooper_hvyrocket,,non,oui,
http://cloud-3.steamusercontent.com/ugc/2004698291313161066/7BD340C7AAB594CDA1644D900F606FEC8A0165A1/,principal,telecharge,darktrooper_hvysword,,non,oui,
http://cloud-3.steamusercontent.com/ugc/2004698291313176203/E77892ADB668EA0CB548F6ED71BE44CA3FB730E7/,secondaire,cache,darktrooper_mat,BucketheadBits/Units/Color Replacer | BucketheadBits/Units/Glow Geometry,oui,oui,
http://cloud-3.steamusercontent.com/ugc/2008089545867128356/9E8C70962F9D5BF853BD9310F2BB1E1A3F80DB5D/,principal,telecharge,ewok_skirmisher4,,non,oui,
http://cloud-3.steamusercontent.com/ugc/2008089545867128445/EBB56734DB6527B3566C317F6F4F0E84471D6776/,principal,cache,ewok_skirmisher5,,non,oui,
http://cloud-3.steamusercontent.com/ugc/2008089545867128506/B24F2402EDC36C64688B7F492B382D972ABA30F1/,principal,cache,ewok_slinger1,,non,oui,
http://cloud-3.steamusercontent.com/ugc/2008089545867128565/24D88975D67E46B5FA9294EB6DCC146912D61F2F/,principal,telecharge,ewok_slinger2,,non,oui,
http://cloud-3.steamusercontent.com/ugc/2008089545867128627/19AC5B05F3A355226EE783B9F239B3B285EA077A/,principal,telecharge,ewok_slinger3,,non,oui,
http://cloud-3.steamusercontent.com/ugc/2008089545867128715/CB52DA6C0FC1DF3511C2A2D62CB2B3A13A9D4F8F/,principal,cache,ewok_slinger4,,non,oui,
http://cloud-3.steamusercontent.com/ugc/2008089545867128778/1D5BCB551375F1A7988C434F0B52E18434BB4747/,principal,telecharge,ewok_slinger5,,non,oui,
http://cloud-3.steamusercontent.com/ugc/2008089545867128844/558E1277513B0AF48911A68B5FAAB981BC0A56A1/,principal,telecharge,ewok_trapper,,non,oui,
http://cloud-3.steamusercontent.com/ugc/2008089545867128895/152E8A0BE0A0FB98FAD48338552C6282DD8954B7/,principal,telecharge,ewok_axe,,non,oui,
http://cloud-3.steamusercontent.com/ugc/2008089545867128972/9388116F0C7BE70B991CC7715943BF9FF08D3890/,principal,telecharge,ewok_leader,,non,oui,
http://cloud-3.steamusercontent.com/ugc/2008089545867129049/686925E47D218727E1C79A25E0F44FC80FAEE43F/,secondaire,telecharge,ewok_sharedmat,BucketheadBits/Units/Color Replacer,oui,oui,
http://cloud-3.steamusercontent.com/ugc/2008089545867129131/D612F1B1EBDA3172B69BEE40159CE5D999045A62/,principal,cache,ewok_skirmisher1,,non,oui,
http://cloud-3.steamusercontent.com/ugc/2008089545867129196/6EED0C8AAF8F50751EE4206471D1273B6C0F4B5A/,principal,telecharge,ewok_skirmisher2,,non,oui,
http://cloud-3.steamusercontent.com/ugc/2008089545867129252/FC0A6247B6AB21A99919659C1F9069186C6D82ED/,principal,cache,ewok_skirmisher3,,non,oui,
http://cloud-3.steamusercontent.com/ugc/2008089545867129309/3D6C219F243BDE984C42BB3444B01DB09B522CBB/,principal,telecharge,logray_model,BucketheadBits/Units/Color Replacer,oui,oui,
http://cloud-3.steamusercontent.com/ugc/2017090166650140825/D8AE1D1F27B97F359916236DA163DA7EC4B517C1/,principal,telecharge,storm4,,non,oui,
http://cloud-3.steamusercontent.com/ugc/2017090166650140913/ADEED3994E6F70777B939A89B18FF520765DCDC4/,principal,telecharge,stormcpt,,non,oui,
http://cloud-3.steamusercontent.com/ugc/2017090166650141001/FF62545FC3DEF499BA8A0C04F07917C6CAA9E30D/,principal,telecharge,stormdlt,,non,oui,
http://cloud-3.steamusercontent.com/ugc/2017090166650141088/7342269A721DF49D0C38F1469E8463093734EF66/,principal,telecharge,stormhh12,,non,oui,
http://cloud-3.steamusercontent.com/ugc/2017090166650141156/BF26D516EA8F33C72822FF9AB369FF7CA444C403/,principal,telecharge,stormleader,,non,oui,
http://cloud-3.steamusercontent.com/ugc/2017090166650141221/5D4DAEED517F52EE2ECBC631301C97422F519AB9/,principal,telecharge,stormrt97,,non,oui,
http://cloud-3.steamusercontent.com/ugc/2017090166650141284/6D59924E68B2B1640C0AC479B8DE95F434056650/,principal,telecharge,stormspec,,non,oui,
http://cloud-3.steamusercontent.com/ugc/2017090166650141339/1EB723D5FCF6655CFFF7EF700EE7108274E1A6C7/,principal,telecharge,stormt21,,non,oui,
http://cloud-3.steamusercontent.com/ugc/2017090166650141545/30BEFE4E87E379AA361AFF5FD24A8F5D3F0BA4C0/,principal,telecharge,storm1,,non,oui,
http://cloud-3.steamusercontent.com/ugc/2017090166650141624/1366A6A4D84D9FE597EEA2736AFC187F392418DA/,principal,telecharge,storm2,,non,oui,
http://cloud-3.steamusercontent.com/ugc/2017090166650141692/8E06789B4D2003055108ED85D76E875729254757/,principal,telecharge,storm3,,non,oui,
http://cloud-3.steamusercontent.com/ugc/2017090166650141746/A8FD77EB51C50C64CD924BDAEEDB70D8839E0EF3/,secondaire,telecharge,stormtrooper_mat,BucketheadBits/Units/Color Replacer,oui,oui,
http://cloud-3.steamusercontent.com/ugc/2022718494181455957/4BB3E42AA412A7ED2ED6F26BFDFA25414F127B71/,principal,telecharge,assajventress,BucketheadBits/Units/Color Replacer | BucketheadBits/Units/Glow Geometry,oui,oui,
http://cloud-3.steamusercontent.com/ugc/2023850162084443471/517A8997FB85780B040DD3017147753F438137CC/,principal,telecharge,ahsoka,BucketheadBits/Units/Color Replacer | BucketheadBits/Units/Glow Geometry,oui,oui,
http://cloud-3.steamusercontent.com/ugc/2023850162090106066/B6E661CAB8049A1B1CE975B53BB57B337E2C5DEE/,principal,telecharge,wicket_model,BucketheadBits/Units/Color Replacer,oui,oui,
http://cloud-3.steamusercontent.com/ugc/2058763770177195589/5E52A1E47746FF179ED6327F681D51D92C47D1D5/,principal,telecharge,bugsonic,BucketheadBits/Units/Color Replacer,oui,oui,
http://cloud-3.steamusercontent.com/ugc/2058763770177195724/233E75C81DB511291B2B95015510DF1B48B2A8DB/,principal,telecharge,sunfac,BucketheadBits/Units/Color Replacer,oui,oui,
http://cloud-3.steamusercontent.com/ugc/2058763770177195807/C1E3DCF8DC0772F56B22E42E89DECC9F30110E8D/,principal,telecharge,bugpike,BucketheadBits/Units/Color Replacer,oui,oui,
http://cloud-3.steamusercontent.com/ugc/2058763770177195881/84020A8311904050DC9309FE9109D47BC41FE4AA/,secondaire,telecharge,bugshared,BucketheadBits/Units/Color Replacer,oui,oui,
http://cloud-3.steamusercontent.com/ugc/2058763770177195973/1D70D4C8D0C6A06E14A7A875228E3CD49D5E0807/,principal,telecharge,poggle,BucketheadBits/Units/Color Replacer,oui,oui,
http://cloud-3.steamusercontent.com/ugc/2058763770177201554/7AEA5B0A98A298731F6BE51591401BBF095A5797/,principal,telecharge,bug1,,non,oui,
http://cloud-3.steamusercontent.com/ugc/2058763770177201933/E0DBF0D812FFF4F7F3A77CF1E4EAB84F78B8C49E/,principal,cache,bug2,,non,oui,
http://cloud-3.steamusercontent.com/ugc/2058763770177202012/76CB0371503304D5AAF562E5E2F04961CD206090/,principal,telecharge,bug3,,non,oui,
http://cloud-3.steamusercontent.com/ugc/2058763770177202081/37F68E146C49B315AA46E15BE88DDB56AE97646C/,principal,telecharge,bugleader,,non,oui,
http://cloud-3.steamusercontent.com/ugc/2174736446809184624/F2826DD52329584D1C3B3795B0E55948EA96B467/,principal,telecharge,cloneengineer,BucketheadBits/Units/Color Replacer,oui,oui,
http://cloud-3.steamusercontent.com/ugc/2174736446809184711/BC2EE95F62E043F83A352F825B6A041AC6D59959/,principal,telecharge,clonemedic,BucketheadBits/Units/Color Replacer,oui,oui,
http://cloud-3.steamusercontent.com/ugc/2174736446809184812/3A020CF4B5983E1AF55F65A3F8F7BDCBAAEAAACC/,principal,telecharge,clonetechnician,BucketheadBits/Units/Color Replacer,oui,oui,
http://cloud-3.steamusercontent.com/ugc/2174736446809185328/4A6DA42CDB70EF979D5B8B675CEFA5459FA60D4E/,principal,telecharge,p2_mortar,BucketheadBits/Units/Color Replacer,oui,oui,
http://cloud-3.steamusercontent.com/ugc/2174736446809185513/A794F69FD4F7FF6093A8E4564633AF49C95DE79D/,principal,telecharge,drksithprobe,BucketheadBits/Units/Color Replacer,oui,oui,
http://cloud-3.steamusercontent.com/ugc/2174736446809185590/81774E94925CD5B15B7CE0DC52DEC465D9774024/,principal,telecharge,maul,BucketheadBits/Units/Color Replacer | BucketheadBits/Units/Glow Geometry,oui,oui,
http://cloud-3.steamusercontent.com/ugc/2174736446809185654/E58BE2AB7BC859E1A896FF9B9909B6976E69CF4B/,principal,telecharge,pkworker,BucketheadBits/Units/Color Replacer,oui,oui,
http://cloud-3.steamusercontent.com/ugc/2174736446809185719/FF120BC2FA5DC8258021E2849C2B81591CCA36B9/,principal,telecharge,tseries,BucketheadBits/Units/Color Replacer,oui,oui,
http://cloud-3.steamusercontent.com/ugc/2174736446809185784/C7B137C19E24986DBE1E9A2712676AB320E4B2A9/,principal,telecharge,viper,BucketheadBits/Units/Color Replacer,oui,oui,
http://cloud-3.steamusercontent.com/ugc/2174736446809185852/7940F0BEFCFE905039054DA1CA3BBF3C0CB2C7A9/,principal,telecharge,clanwrenchump,BucketheadBits/Units/Color Replacer,oui,oui,
http://cloud-3.steamusercontent.com/ugc/2174736446809185988/83F7A4664576B192905C6393A6D9A5DAA776E01A/,principal,telecharge,tristanwren,BucketheadBits/Units/Color Replacer,oui,oui,
http://cloud-3.steamusercontent.com/ugc/2174736446809186071/A6DB57CF6BA2EEDAB6EB8A719DB8D0702708C759/,principal,telecharge,ursawren,BucketheadBits/Units/Color Replacer,oui,oui,
http://cloud-3.steamusercontent.com/ugc/2174736446809186179/35024924D8BC8A727F508557AF7B714D2E3D22FF/,principal,telecharge,mandoresistance_2,BucketheadBits/Units/Color Replacer,oui,oui,
http://cloud-3.steamusercontent.com/ugc/2174736446809186272/7872209AB5CBE104129F9AFC58267EB8F6CF80D1/,principal,telecharge,mandoresistance_1,BucketheadBits/Units/Color Replacer,oui,oui,
http://cloud-3.steamusercontent.com/ugc/2174736446809186354/387C36C2BB545E6CC882A05C0D81F5BE164166B7/,principal,telecharge,clonecommander,BucketheadBits/Units/Color Replacer,oui,oui,
http://cloud-3.steamusercontent.com/ugc/2174736446809186437/C255A6920C6B62ADD6B948311053BAAE4803BE29/,principal,telecharge,mandoresistance_leader,BucketheadBits/Units/Color Replacer,oui,oui,
http://cloud-3.steamusercontent.com/ugc/2174736446809186518/DCA8031C62A867134FAA814D4976978058C01369/,principal,telecharge,lando,BucketheadBits/Units/Color Replacer,oui,oui,
http://cloud-3.steamusercontent.com/ugc/2174736446809186599/4B154E18EF2C0ADE6C347FC4B15AD856D00546DF/,principal,telecharge,sabine,BucketheadBits/Units/Color Replacer,oui,oui,
http://cloud-3.steamusercontent.com/ugc/2174736446809252570/7F009B812ED06B7E45CFCE48142293A4B9C77991/,principal,telecharge,mandoduelist,BucketheadBits/Units/Color Replacer,oui,oui,
http://cloud-3.steamusercontent.com/ugc/2174736446813135349/81275DD398B659088A018A09394B7FD6E5C3B279/,principal,telecharge,waxer,BucketheadBits/Units/Color Replacer,oui,oui,
http://cloud-3.steamusercontent.com/ugc/2174736446813135454/32F343B3295B563DF3041AF5F433E151F88C66B6/,principal,telecharge,boil,BucketheadBits/Units/Color Replacer,oui,oui,
http://cloud-3.steamusercontent.com/ugc/2174736446813135529/6A6C874DBCA77E800A77C20FD36C2F223661CD10/,principal,telecharge,cody,BucketheadBits/Units/Color Replacer,oui,oui,
http://cloud-3.steamusercontent.com/ugc/2202884666993392985/D48A26F5F9D3498814911131BA08B0BAF92F8B65/,principal,telecharge,atrt_gar,BucketheadBits/Units/Color Replacer,oui,oui,
http://cloud-3.steamusercontent.com/ugc/2474241114696859319/2846289D99E3CA2DC68F2BB8FC69ECF1ABE2072E/,principal,telecharge,delta_07,,non,oui,
http://cloud-3.steamusercontent.com/ugc/2474241114696859485/0340EC3130B99413F05F2CB2544E9FDE79A3871D/,principal,telecharge,delta_40,,non,oui,
http://cloud-3.steamusercontent.com/ugc/2474241114696859554/12CFFC76B71288B5426C2E57CC8A91F515B075F2/,principal,telecharge,delta_62,,non,oui,
http://cloud-3.steamusercontent.com/ugc/2474241114696859651/A77E973493F46183AC97F68C1A191EC0E74F6A65/,principal,telecharge,delta_leader,,non,oui,
http://cloud-3.steamusercontent.com/ugc/2474241114696882381/265198067C41DF8333A609EDCE831A547A68F28F/,secondaire,telecharge,delta_38mat 1,BucketheadBits/Units/Color Replacer,oui,oui,
http://cloud-3.steamusercontent.com/ugc/2474241114696882497/A846281F67580B208A2BBBDADE7C601230486E20/,secondaire,telecharge,delta_40mat 1,BucketheadBits/Units/Color Replacer,oui,oui,
http://cloud-3.steamusercontent.com/ugc/2474241114696882580/BE0E56B70A5D6B576BA4AAB83FDB1DB2BD835887/,secondaire,telecharge,delta_62mat 1,BucketheadBits/Units/Color Replacer,oui,oui,
http://cloud-3.steamusercontent.com/ugc/2474241114696882664/1B6168DA14AFA3A40CC823399CC4072FD1B7E958/,secondaire,telecharge,delta_07mat 1,BucketheadBits/Units/Color Replacer,oui,oui,
http://cloud-3.steamusercontent.com/ugc/2475370743175243825/0B07462AB1D02ACB64262C1E875E9DC5E3719850/,principal,telecharge,echo_model,BucketheadBits/Units/Color Replacer,oui,oui,
http://cloud-3.steamusercontent.com/ugc/2475370743175243916/EFBD0137414E802232F64B02C78A9D9275C9C1CB/,principal,cache,hunter_model,BucketheadBits/Units/Color Replacer,oui,oui,
http://cloud-3.steamusercontent.com/ugc/2475370743175243961/93E8549BC0F1F88228D651FAE226459945DC6651/,principal,telecharge,omega_model,BucketheadBits/Units/Color Replacer,oui,oui,
http://cloud-3.steamusercontent.com/ugc/2475370743175244098/67CBDAB9CA48B24940FC743CEB778A526C990993/,principal,telecharge,tech_model,BucketheadBits/Units/Color Replacer,oui,oui,
http://cloud-3.steamusercontent.com/ugc/2475370743175244156/4986205CB2289E6CF72269D9A17E6B2D405968DA/,principal,telecharge,wrecker_model,BucketheadBits/Units/Color Replacer,oui,oui,
http://cloud-3.steamusercontent.com/ugc/2475370743175244300/863B36B154CA2A32E4C36B9CFBC47984846ECE3C/,principal,telecharge,crosshair_model,BucketheadBits/Units/Color Replacer,oui,oui,
http://cloud-3.steamusercontent.com/ugc/2495630600682582649/F03C73249983DDC1178314FD61C7D53DA27840EE/,secondaire,telecharge,range_trooper_mat,BucketheadBits/Units/Color Replacer,oui,oui,
http://cloud-3.steamusercontent.com/ugc/2495630600682582714/3AFE8876506FE4B261417033A0E804BA9146FECE/,secondaire,telecharge,rep_commandomat,BucketheadBits/Units/Color Replacer,oui,oui,
http://cloud-3.steamusercontent.com/ugc/2495630600682669442/778C5CDC3ED0EF8036784484685D9C1E283AE229/,principal,telecharge,commando_1,,non,oui,
http://cloud-3.steamusercontent.com/ugc/2495630600682669514/964CC0732F05CF777C4F226E4A66B82C9B8F17F1/,principal,telecharge,commando_2,,non,oui,
http://cloud-3.steamusercontent.com/ugc/2495630600682669589/FE6E365D8DFE4186F7AE93CBEF854B84881DFA18/,principal,telecharge,commando_3,,non,oui,
http://cloud-3.steamusercontent.com/ugc/2495630600682669631/743A3F4EE203D22A0C7A8324994F8DD6D15337C0/,principal,telecharge,commando_leader,,non,oui,
http://cloud-3.steamusercontent.com/ugc/2495630600682669687/1A75297DAE22B6DFE46AF5B69EDC87652B23957F/,principal,telecharge,range_trooper_leader_model,,non,oui,
http://cloud-3.steamusercontent.com/ugc/2495630600682669758/7E6C79BDA776AD0618FF66FCD961C59DD6B0F4F1/,principal,telecharge,range_trooper_model,,non,oui,
http://cloud-3.steamusercontent.com/ugc/2495630600682669844/3306C99E1B2A23502CA35EEB63FC842EA7FB4E3A/,principal,telecharge,range_trooper_dlt-20a_model,,non,oui,
http://cloud-3.steamusercontent.com/ugc/2495630600682669896/C2F5892D64B3B5CE33A83A3F874C1A66594F6412/,principal,telecharge,range_trooper_t-21a_model,,non,oui,
http://cloud-3.steamusercontent.com/ugc/773995200348530664/5E248091F8CC37B1023257338D4947E4ADFE48AB/,secondaire,telecharge,arc_materials,,non,oui,
http://cloud-3.steamusercontent.com/ugc/773995528924546789/8774CBBDC3C4F18B11A444CC96EA5FE7F00DB48F/,secondaire,telecharge,bx_droid_materials,,non,oui,
https://steamusercontent-a.akamaihd.net/ugc/14648332786386280089/CFF5EDB1D4A6A8136BEC1997DEBF668DB0166B48/,principal,telecharge,ahsoka commander,,non,non,
https://steamusercontent-a.akamaihd.net/ugc/15416532958990284151/F41C3DBAFCDCA9717ED5F6A53E6E46F1BFABA467/,principal,cache,ahsoka padawn,,non,non,
https://steamusercontent-a.akamaihd.net/ugc/16432158164944196/4594ADE002844CEEB6FB9A75E17AA802FCAE89FF/,principal,telecharge,crab 1 variant,,non,non,
https://steamusercontent-a.akamaihd.net/ugc/2446089105226763008/9B5002BC5C049F340FF7CDBC875F5053A5DB2574/,principal,telecharge,djin djarin 10k,,non,non,
https://steamusercontent-a.akamaihd.net/ugc/2446089105227025807/2E7D8F479762060CAF447A2E5A6C27891C314EA2/,principal,telecharge,moff gideon 10k,,non,non,
https://steamusercontent-a.akamaihd.net/ugc/2446089105227059084/0EB4EE32683338BC754DA5EC1F613ABA71048E90/,principal,telecharge,kallus 10k,,non,non,
https://steamusercontent-a.akamaihd.net/ugc/2446090001278329724/E8E229E0E3FB6230D9F5A1823C71032A0FC9F2D0/,principal,telecharge,7th sister,,non,non,
https://steamusercontent-a.akamaihd.net/ugc/2456221571853672166/B86F663B609267644D837B4F18C59614C6785229/,principal,telecharge,5th test,,non,non,
https://steamusercontent-a.akamaihd.net/ugc/2478747809407737751/27A207BFDA271D2EA267D400CBDF551B11EE093C/,principal,telecharge,legion stormtrooper,,non,non,
https://steamusercontent-a.akamaihd.net/ugc/2478747809413608082/BD8A164AAD4C70AE2F8CB8165F3D2DC9FD94C778/,principal,telecharge,legion storm trooper leader,,non,non,
https://steamusercontent-a.akamaihd.net/ugc/2482129948495931625/A14C0E047A0C7C8D12B96B34A16D2DAAA3A5E9E3/,principal,cache,poi_token,,non,oui,
https://steamusercontent-a.akamaihd.net/ugc/2491137781649821412/A274C8B3E646E0EBFB81D282570C5A1C6D263F2B/,principal,telecharge,riot_2,,non,oui,
https://steamusercontent-a.akamaihd.net/ugc/2491137781649821497/585AF58548561265B23B01A56577DE0732464636/,principal,telecharge,riot_3,,non,oui,
https://steamusercontent-a.akamaihd.net/ugc/2491137781649821557/0B4EFC2CDDBC7BB72768141562946583278CAAD6/,principal,telecharge,riot_4,,non,oui,
https://steamusercontent-a.akamaihd.net/ugc/2491137781649821645/5FF305DCBED87DDE0DC92AB430557E501D5CDFC2/,principal,telecharge,riot_leader,,non,oui,
https://steamusercontent-a.akamaihd.net/ugc/2491137781649821736/A6557A52AB579A320023B7028C55A38815DC566E/,secondaire,telecharge,riot_stormtrooper_mat,BucketheadBits/Units/Color Replacer,oui,oui,
https://steamusercontent-a.akamaihd.net/ugc/2491137781649838294/7197479F9D7ADF9DB1287E740A469A0E5C28F2ED/,principal,telecharge,stormtroopermarksman,,non,oui,
